CREATE TABLE Order (ID SERIAL NOT NULL PRIMARY KEY);
CREATE TABLE Item  (ID SERIAL NOT NULL PRIMARY KEY);
CREATE TABLE OrderItem
(
    OrderID INTEGER NOT NULL REFERENCES Order,
    ItemID INTEGER NOT NULL REFERENCES Item,
    Quantity DECIMAL(8,2) NOT NULL
);

INSERT INTO Order VALUES(1);
INSERT INTO Order VALUES(2);
INSERT INTO Order VALUES(3);
INSERT INTO Order VALUES(4);
INSERT INTO Order VALUES(5);
INSERT INTO Order VALUES(6);
INSERT INTO Order VALUES(7);

INSERT INTO Item VALUES(111);
INSERT INTO Item VALUES(222);
INSERT INTO Item VALUES(333);
INSERT INTO Item VALUES(444);
INSERT INTO Item VALUES(555);
INSERT INTO Item VALUES(666);
INSERT INTO Item VALUES(777);
INSERT INTO Item VALUES(888);
INSERT INTO Item VALUES(999);

INSERT INTO OrderItem VALUES(1, 111, 1);
INSERT INTO OrderItem VALUES(1, 222, 1);
INSERT INTO OrderItem VALUES(1, 333, 1);
INSERT INTO OrderItem VALUES(1, 555, 1);

INSERT INTO OrderItem VALUES(2, 111, 1);
INSERT INTO OrderItem VALUES(2, 222, 1);
INSERT INTO OrderItem VALUES(2, 333, 1);
INSERT INTO OrderItem VALUES(2, 555, 1);

INSERT INTO OrderItem VALUES(3, 111, 1);
INSERT INTO OrderItem VALUES(3, 222, 1);
INSERT INTO OrderItem VALUES(3, 333, 1);
INSERT INTO OrderItem VALUES(3, 444, 1);
INSERT INTO OrderItem VALUES(3, 555, 1);
INSERT INTO OrderItem VALUES(3, 666, 1);

INSERT INTO OrderItem VALUES(4, 111, 1);
INSERT INTO OrderItem VALUES(4, 222, 1);
INSERT INTO OrderItem VALUES(4, 333, 1);
INSERT INTO OrderItem VALUES(4, 444, 1);
INSERT INTO OrderItem VALUES(4, 555, 1);
INSERT INTO OrderItem VALUES(4, 777, 1);

INSERT INTO OrderItem VALUES(5, 111, 1);
INSERT INTO OrderItem VALUES(5, 222, 1);
INSERT INTO OrderItem VALUES(5, 333, 1);
INSERT INTO OrderItem VALUES(5, 444, 1);
INSERT INTO OrderItem VALUES(5, 555, 1);
INSERT INTO OrderItem VALUES(5, 777, 1);
INSERT INTO OrderItem VALUES(5, 999, 1);

INSERT INTO OrderItem VALUES(6, 111, 1);
INSERT INTO OrderItem VALUES(6, 222, 1);
INSERT INTO OrderItem VALUES(6, 333, 1);
INSERT INTO OrderItem VALUES(6, 444, 1);
INSERT INTO OrderItem VALUES(6, 555, 1);
INSERT INTO OrderItem VALUES(6, 777, 1);
INSERT INTO OrderItem VALUES(6, 888, 1);
INSERT INTO OrderItem VALUES(6, 999, 1);

INSERT INTO OrderItem VALUES(7, 111, 1);
INSERT INTO OrderItem VALUES(7, 222, 1);
INSERT INTO OrderItem VALUES(7, 333, 1);
INSERT INTO OrderItem VALUES(7, 444, 1);
INSERT INTO OrderItem VALUES(7, 555, 1);
INSERT INTO OrderItem VALUES(7, 777, 1);
INSERT INTO OrderItem VALUES(7, 888, 1);
INSERT INTO OrderItem VALUES(7, 999, 1);
INSERT INTO OrderItem VALUES(7, 666, 1);
